"Tabela 6588 - Série histórica da estimativa anual da área plantada, área colhida, produção e rendimento médio dos produtos das lavouras"
"Variável - Produção (Toneladas)"
"Mês","Unidade da Federação x Produto das lavouras"
"Mês","Rondônia","Acre","Amazonas","Roraima","Pará","Amapá","Tocantins","Maranhão","Piauí","Ceará","Rio Grande do Norte","Paraíba","Pernambuco","Alagoas","Sergipe","Bahia","Minas Gerais","Espírito Santo","Rio de Janeiro","São Paulo","Paraná","Santa Catarina","Rio Grande do Sul","Mato Grosso do Sul","Mato Grosso","Goiás","Distrito Federal"
"Mês","11 Cana-de-açúcar","11 Cana-de-açúcar","11 Cana-de-açúcar","11 Cana-de-açúcar","11 Cana-de-açúcar","11 Cana-de-açúcar","11 Cana-de-açúcar","11 Cana-de-açúcar","11 Cana-de-açúcar","11 Cana-de-açúcar","11 Cana-de-açúcar","11 Cana-de-açúcar","11 Cana-de-açúcar","11 Cana-de-açúcar","11 Cana-de-açúcar","11 Cana-de-açúcar","11 Cana-de-açúcar","11 Cana-de-açúcar","11 Cana-de-açúcar","11 Cana-de-açúcar","11 Cana-de-açúcar","11 Cana-de-açúcar","11 Cana-de-açúcar","11 Cana-de-açúcar","11 Cana-de-açúcar","11 Cana-de-açúcar","11 Cana-de-açúcar"
"setembro 2006","-","-","230194","-","620001","-","197951","2296764","679947","1635808","3390635","5848530","18875789","23991396","1955608","5786980","31528004","4214552","7397150","266071407","34460715","669413","1188412","12117730","13219080","18915324","-"
"outubro 2006","-","-","230194","-","620001","-","197951","2296764","679947","1594638","3390635","5848530","18878783","23991396","1955608","6147954","32028323","4204732","7397150","266071407","34460715","669413","1166717","12023311","13219080","18915324","-"
"novembro 2006","-","-","194427","-","620001","-","197951","2296764","640707","1594638","3391035","5848530","19045216","23991396","1955608","6147954","32028323","4204732","6836120","266071407","35072193","669413","1166717","12023311","13219080","18915324","-"
"dezembro 2006","-","-","143402","-","618316","-","197951","2296764","640707","1617003","3391076","6059030","19045216","24720000","1955608","6141719","32042723","4206342","6836120","266071407","35072193","660333","1166717","12473728","13578279","19049550","-"
"janeiro 2007","-","-","233391","-","625752","-","203148","2443893","636493","2290097","3388829","5865135","18866525","24000000","2331180","5580176","30004140","4477582","7302194","280113978","43492407","662000","1301343","16000000","15579246","18425394","-"
"fevereiro 2007","-","-","349847","-","625752","-","203070","2443893","636493","2290097","3388829","5749565","18866525","24000000","2331180","5580176","36137055","4477582","7302194","280113978","43492407","662000","1302083","16000000","15579246","18425394","-"
"março 2007","-","-","349847","-","625752","-","203070","2443893","636493","2290097","3388829","6175025","18866525","24000000","2331180","6105932","36536525","4585122","7352661","280113978","43492407","662000","1310250","16000000","15579246","18425394","-"
"abril 2007","-","-","349847","-","625752","-","203070","2443893","636493","2277723","3251905","6175025","18866525","24000000","2285707","6260479","38808785","4585122","7387601","295477005","46382400","662000","1310250","17128965","15579246","18425394","-"
"maio 2007","-","-","349767","-","615296","-","203070","2443893","636493","2273583","3251905","6175025","18866525","24000000","2285707","6260479","38872240","4585122","7387601","295477005","46382400","676423","1388535","17128965","15601281","18425394","-"
"junho 2007","-","-","348547","-","615296","-","203070","2443893","784200","2267508","3435720","6193475","18866525","24000000","2285707","6260479","38922069","4437612","7387601","295477005","46586722","676423","1388835","16512880","15601281","18425394","-"
"julho 2007","-","-","350014","-","615296","-","203070","2412743","784200","2266806","3838536","6193439","18866525","24000000","2285707","6229734","38922069","4437612","7387601","295477005","46586722","676423","1388835","16912240","15601281","18425394","-"
"agosto 2007","-","-","350194","-","792005","-","203070","2412743","784200","2265125","3838698","6193439","18866525","24000000","2285707","6229734","38956524","4437612","7387601","295477005","46611074","676423","1388835","16879068","15601281","18425394","-"
"setembro 2007","-","-","349977","-","792005","-","203070","2412743","783652","2265116","3838698","6193439","18866525","24000000","2285707","6229734","38992404","4437612","7387601","295477005","46389697","676423","1408575","16879068","15875313","18425394","-"
"outubro 2007","-","-","349977","-","792005","-","203070","2412743","783652","2265076","3838626","6193439","18866525","25000000","2285707","6229734","38989464","4437562","7387601","295477005","46389697","676423","1429238","16566539","15875313","18425394","-"
"novembro 2007","-","-","349977","-","676964","-","203070","2412743","783652","2251239","3838626","6193439","18866525","24920000","2285707","6292396","38324890","4437562","7387601","295477005","46389697","692152","1429238","16566539","15875313","18425394","-"
"dezembro 2007","-","-","318021","-","676964","-","203070","2412743","779482","2251239","3836626","6222223","19864635","24920000","2401966","6275410","38886914","4436412","6980426","295477005","46828573","692152","1426978","16133857","15875313","18425394","-"
"janeiro 2008","-","-","316627","-","978180","-","336136","2503566","745501","2366515","3778274","7193668","19085747","23866667","2857500","6299588","39511008","4652092","7377256","309514912","52928027","655585","1504447","22100000","16074934","24960000","-"
"fevereiro 2008","-","-","318887","-","978180","-","336136","2503566","745501","2366515","3778274","7193668","19085747","24500000","2857500","5882900","39942717","4652092","7372256","309514912","52928027","655585","1504447","22100000","15801129","24960000","-"
"março 2008","-","-","318891","-","574660","-","379321","2883399","743709","2366515","3835903","6228775","19085747","24500000","2857500","6133558","45459371","5179990","6556686","309514912","52928027","729029","1510737","22100000","15801129","27093894","-"
"abril 2008","-","-","318491","-","574660","-","379321","2883399","743709","2366515","3835903","6416775","19692689","24500000","2857500","6133558","44884387","5180215","6563387","309514912","53994570","729029","1510737","22100000","15701638","27093894","-"
"maio 2008","-","-","318491","-","574660","-","381095","2883852","801383","2366515","3835903","6416775","19692689","24500000","2513745","6133558","45225880","5180215","6565861","337148240","53994570","738925","1449072","22100000","15701638","27093894","-"
"junho 2008","-","-","318491","-","574660","-","381095","2884432","801383","2366515","3835903","6416775","19868663","24500000","2513745","6219690","45893190","5180215","6566485","337148240","54270921","738925","1450872","22100000","15701638","28293520","-"
"julho 2008","-","-","313302","-","574660","-","381571","2835432","801383","2366515","4113299","6416775","20307293","24500000","2513745","6219690","45969550","5180215","6685240","337148240","54270921","738925","1420898","22100000","16377777","28293520","-"
"agosto 2008","-","-","313302","-","574660","-","381571","2835432","802895","2366515","4113299","6315620","20307293","24500000","2513745","6219690","45992300","5172165","6582623","337148240","55571459","740242","1420898","22100000","16377777","29082040","-"
"setembro 2008","-","-","313302","-","574660","-","381571","2835432","802895","2366515","4113299","6315620","20307293","25781189","2355687","6154815","46001790","5172165","6582623","367191190","55659175","740242","1421498","22100000","16849779","29082040","-"
"outubro 2008","-","-","313302","-","574660","-","381571","2835432","802895","2243317","4113299","6315620","20305718","25939944","2355687","6154815","46030964","5172165","6582623","387507473","55659175","756803","1394973","22280057","16849779","29082040","-"
"novembro 2008","-","-","313302","-","574660","-","381571","2835432","778084","2289496","4113299","6315620","20305718","28407977","2355687","6154815","47762234","5171245","6582623","387507473","55659175","756803","1394973","22280057","16849779","32713977","-"
"dezembro 2008","-","-","313302","-","574660","-","381571","3012018","778084","2270816","4113299","6297179","20305558","28900000","2429603","6180785","48043716","5176445","6582623","387507473","55605943","756803","1428473","22959692","16849779","32713977","-"
"janeiro 2009","-","-","360728","-","556624","-","460821","2917700","860955","2329529","4053153","6345758","19596181","25190500","2658600","6005900","51678421","5298595","6517513","382235600","56834393","763601","1503902","32560000","16238315","32428630","-"
"fevereiro 2009","-","-","360728","-","556624","-","460821","2917700","860955","2329529","4053153","6302604","19475673","25190500","2658600","5856659","53511815","5250075","6519471","382235600","56834393","763601","1503902","34349949","16238315","32428630","-"
"março 2009","-","-","360728","-","574387","-","685134","2892399","841774","2336823","4106199","6302604","19741625","27000000","2658600","5891990","53233575","5250075","6509311","382235600","56834393","760868","1433915","34349949","15943515","44715881","-"
"abril 2009","-","-","360728","-","574387","-","685134","2894680","841774","2336823","4106199","6302604","19741675","27000000","2658600","5891990","53694039","5250075","6509311","382235600","53697178","760868","1433915","33735520","15943515","44715881","-"
"maio 2009","-","-","365983","-","698387","-","684834","2862910","834756","2336314","4114564","6307750","19465980","27000000","2624373","5940840","53939879","5250075","6509311","400539320","53697178","760587","1246595","33735520","16721094","44715881","-"
"junho 2009","-","-","365983","-","698387","-","684834","2982288","834756","2332996","4114564","6307750","19492530","26987500","2624373","5940840","54200558","5250075","6509311","400539320","52877426","760587","1246595","32989994","16721094","47329100","-"
"julho 2009","-","-","365983","-","698387","-","664284","2982288","834756","2325613","4114564","6307750","19578638","26987500","2624373","5940840","54502924","5250075","6509311","400539320","52877426","763541","1263109","32989994","16646390","41878727","-"
"agosto 2009","-","-","365983","-","698787","-","664284","2982288","834954","2325458","4113586","6352570","19577888","27077552","2624373","5912967","56100278","5250075","6509311","400539320","55637261","763541","1263109","32874624","16646390","47329100","-"
"setembro 2009","-","-","365983","-","698787","-","664284","2982288","834954","2325578","4113586","6352570","19577888","27077552","2618035","5912967","56098028","5250075","6491311","400539320","55086000","763541","1263109","32874624","16852765","41437849","-"
"outubro 2009","-","-","365983","-","698787","-","664284","2982288","834954","2322896","4113586","6352570","19444441","27077552","2618035","5985197","60172116","5250595","6491315","400539320","55086000","763541","1255614","32596750","16852765","41437849","-"
"novembro 2009","-","-","365983","-","698787","-","664284","2982288","859513","2323639","4264676","6352570","19444441","27075784","2618035","5985197","57717958","5250595","6491315","400539320","55086000","763541","1255614","32596750","16852765","44064470","-"
"dezembro 2009","-","-","365983","-","698805","-","664284","2833787","859513","2323937","4264676","6302570","19444441","27460000","2618035","5776040","58336970","5249775","6491315","400539320","50096100","786612","1254475","29792853","16852765","44064470","-"
"janeiro 2010","-","-","368050","-","696288","-","504968","3691853","873671","2311872","4086303","6380067","19369420","25300035","2607155","5957471","52393878","5239575","6457457","395729252","54574809","-","1525756","36520000","16539934","50630000","-"
"fevereiro 2010","-","-","368050","-","696288","-","752131","2982288","873671","2316962","4086303","6380067","19369420","25300035","2607155","5817505","61349360","5239575","6457517","395729252","54574809","-","1533072","36520000","16539934","50630000","-"
"março 2010","-","-","368050","-","704310","-","752131","3229593","872955","2316779","4262543","6380067","19369420","25300035","2607155","5767278","61018358","4546953","6452417","395729252","54574809","-","1533202","36520000","15495638","50630000","-"
"abril 2010","-","-","368050","-","704310","-","752131","3229593","872955","2316779","4262543","6258446","19369420","25300035","2607155","5859898","61058744","4546953","6452417","395729252","52511464","-","1533202","37840000","15495638","50630000","-"
"maio 2010","-","-","368050","-","703450","-","752131","2785153","872105","2316779","4262543","6258446","19444341","25616310","2857385","5859898","60771655","4546953","6452417","395729252","55210480","-","1520007","37840000","16724718","46893800","-"
"junho 2010","-","-","368050","-","703610","-","715917","2785153","872105","2312024","3995635","6258446","20979745","25423500","2857385","5859898","60260057","4546953","6422207","395729252","56750224","-","1520007","37840000","16724718","44159183","-"
"julho 2010","-","-","368050","-","703626","-","715917","2785153","872105","2310605","3974205","6258446","20979745","25423500","2857385","5835480","60260057","4546953","6395207","395729252","56750224","-","1527364","37840000","16483418","45227721","-"
"agosto 2010","-","-","368050","-","654426","-","715917","2796835","863609","2306143","3771952","5260648","20979745","25390725","2857385","5835480","60822027","4944674","6395207","395729252","55514518","-","1527364","37840000","16483418","48175430","-"
"setembro 2010","-","-","368050","-","654426","-","715917","2831283","863609","2306080","3340374","5260648","21408745","25390725","2857385","5835480","60944681","4944674","6395207","395729252","55514518","-","1527364","37840000","16097696","47706630","-"
"outubro 2010","-","-","368050","-","654426","-","715917","2839530","863609","2306080","3973854","5260648","21408745","25390500","2857385","5582049","60917924","4944674","6395207","427945873","55514518","-","1534062","37840000","16097696","47706630","-"
"novembro 2010","-","-","368050","-","677986","-","715917","2832708","779084","2306080","3835739","5260648","21408745","25767612","2857385","5582049","60991184","4962284","6395207","427945873","55514518","-","1534062","37840000","16097696","47956985","-"
"dezembro 2010","-","-","368050","-","677986","-","715917","2832708","779084","2306004","3956327","5260648","23053387","25707782","2994819","4976209","61343211","4954209","6395207","427945873","55306548","-","1510090","34851406","16097696","47526435","-"
"janeiro 2011","-","-","367362","-","670366","-","1259250","3298316","847831","2240005","3406605","6649166","21418510","25800776","2994819","5324044","61596356","5032325","6088317","397999819","55709731","-","1454873","42008000","14286290","47370302","-"
"fevereiro 2011","-","-","367362","-","709827","-","1259250","3249302","847831","2240003","3406605","6413393","17415000","25800776","2994819","5049658","60503327","5032325","6085917","359235500","55709731","-","1454873","42008000","14286290","47370302","-"
"março 2011","-","-","367362","-","710897","-","1723516","2927619","847831","2240003","3547805","6224815","17415000","27201420","2994819","5129485","62136449","5032325","6050752","359235500","54032878","-","1425676","43076000","14286290","50193654","-"
"abril 2011","-","-","367362","-","711247","-","1723516","3104850","902230","2243123","3547585","6224815","17415000","27201420","2994819","5129485","63354529","5032325","6050752","359235500","54544881","-","1425676","42008000","15066379","50193654","-"
"maio 2011","-","-","367362","-","711247","-","1723516","2822482","902230","2243123","3560596","6224815","18512467","29391886","3187686","5129485","64078364","5055245","5138600","359235500","54544881","-","1349025","42008000","15071059","50560000","-"
"junho 2011","-","-","367362","-","711247","-","2163461","2787167","902430","2243123","3581236","6224815","18512467","29391886","3187686","5332647","64355602","5055245","5151280","364285249","54213109","-","1349025","42008000","15071059","55379288","-"
"julho 2011","-","-","367362","-","711211","-","2163461","2786371","902430","2243123","3581236","6287205","18512467","29391886","3187686","6542843","64417627","4733860","5151280","364285249","54213109","-","1377558","39900000","16367793","55048009","-"
"agosto 2011","-","-","367362","-","711211","-","2168461","2786371","902265","2243123","3580048","6287205","18512467","29391886","3286084","6542843","65728607","4733860","5151280","364285249","51044980","-","1377558","39900000","16367793","55161209","-"
"setembro 2011","-","-","266030","-","711211","-","2168461","2786371","902265","2243123","3581848","6287205","18512467","29342738","3286084","6542843","67043813","4733860","5151280","364285249","50619526","-","1375258","39900000","15151937","55161209","-"
"outubro 2011","-","-","266030","-","711211","-","2164111","2782904","902265","2211107","3581848","6287205","18512467","29342738","3286084","6542843","67991883","4701867","5151280","336640827","50619526","-","1383567","38000000","15151937","55161209","-"
"novembro 2011","-","-","266030","-","711265","-","2164111","2794234","981605","2209849","3581848","6417385","18512467","29342738","3286084","6542843","68008498","4701867","5151280","336640827","50619526","-","1383567","38000000","15151937","55161209","-"
"dezembro 2011","-","-","266030","-","714022","-","2164111","2673761","981605","2209852","3581848","6417385","17747155","29342738","3336034","6542843","67724506","4701867","5151280","323476860","50619526","-","1381567","35500000","15151937","55161209","-"
"janeiro 2012","-","-","327248","-","859660","-","1799748","3049457","982527","2149865","3675089","6185236","17723095","29500000","3168918","4986363","68515326","4720336","5730628","370589843","50582650","-","1392582","42000000","16555879","56350066","-"
"fevereiro 2012","-","-","327248","-","859660","-","1799748","3049705","982527","2149263","3675089","6185236","17723095","29500000","3168918","6847168","68515326","4842592","5698750","420628178","50582650","-","1224747","40500000","16555879","56350066","-"
"março 2012","-","-","327248","-","742978","-","1799748","3204096","981908","2149263","3914867","6185236","17088642","29500000","3168918","6913209","68651122","4850792","5710563","420628178","51640919","-","1131770","40500000","17483780","56350066","-"
"abril 2012","-","-","327248","-","742978","-","1799748","3208841","965580","2145497","3914867","6185236","17088642","29500000","3168918","6913209","70436556","4850792","5710563","420628178","52160305","-","1131770","38600100","17483780","56350066","-"
"maio 2012","-","-","327248","-","742978","-","1799748","3204971","965580","2145497","4273895","6500509","17070054","29500000","3503095","6913209","71091654","4725242","5805313","420628178","52160305","-","1116926","38600100","17161810","56915572","-"
"junho 2012","-","-","327248","-","742628","-","1221286","3204971","965580","2141904","4273895","6500509","17062409","27734681","3503095","6913209","72112135","4654242","5805313","339287429","51769235","-","1116926","38600100","17161810","56915572","-"
"julho 2012","-","-","239380","-","742628","-","1221286","3110181","965580","2143693","4392631","6500509","16432523","27734681","3503095","6913209","72113135","4654242","5805313","339287429","51769235","-","1116926","38600100","16626517","56907702","-"
"agosto 2012","-","-","239380","-","749878","-","1221286","3117146","965580","2143693","4306632","6500509","16251098","27734681","3503095","6913209","72590135","4654242","5805313","339287429","50826299","-","1116926","38600100","16626517","54030642","-"
"setembro 2012","-","-","239380","-","749878","-","1221286","3016644","945520","2143693","4285390","6500509","17302123","27734681","3503095","6836998","72337672","4654542","5694313","339280620","50404099","-","1007247","38600100","16665399","56992982","-"
"outubro 2012","-","-","239541","-","749878","-","1245367","3016644","945520","2117755","4284310","6500509","17302083","27734681","3319381","8494328","72110292","4654542","5692813","339280620","50404099","-","977844","38600100","16665399","56875062","-"
"novembro 2012","-","-","239541","-","750858","-","1250897","3016644","804137","1997005","4284158","5906340","16655848","27734681","3319381","8494328","71808303","4650742","5692813","339280620","50404099","-","977844","38600100","16665399","58261712","-"
"dezembro 2012","-","-","239541","-","750378","-","1250897","3011709","804137","1996789","4267958","5869640","16655848","27734681","3319381","8419822","70521498","4650742","5692869","355392473","49840396","-","981594","38600100","16665399","58348797","-"
"janeiro 2013","-","-","239541","-","846514","-","1896294","2988968","915184","2142029","4355010","7191274","14804999","28141800","3337554","6205399","75537227","4603618","5828098","382879033","56174270","-","1189659","38600100","18271979","59185038","-"
"fevereiro 2013","-","-","239541","-","846514","-","1896294","2988853","915184","2170844","4355010","7191274","14517079","28141800","3337554","6603162","73143166","4520763","5255163","407474900","56174270","-","1184314","40800000","18271979","58348797","-"
"março 2013","-","-","311415","-","936800","-","1896294","2985996","902116","2237254","5521952","6626070","14676049","28141800","3337554","6805773","72544835","4520763","5251766","407474900","52538825","-","1173784","40800000","19755179","58348797","-"
"abril 2013","-","-","304751","-","936800","-","1896294","2985996","902116","2155721","5504625","6626070","14500749","28141800","3337554","6805773","72612096","4505763","5251766","407474900","52538825","-","1173784","44352000","19755179","58662138","-"
"maio 2013","-","-","304751","-","936800","-","1896294","2911890","899438","1821063","5251182","6474564","14500749","28141800","3338118","6731343","72023864","4505763","4967966","407474900","52538825","-","1144731","44352000","19731399","59746606","-"
"junho 2013","-","-","304751","-","936450","-","1896294","2911890","899438","1803915","4068264","6474564","14372054","28875691","3221658","6600000","71918284","3970104","4967966","411301440","50404322","-","1144731","44352000","19731399","59746606","-"
"julho 2013","-","-","302500","-","936450","-","1896294","2995900","899438","1799290","4068222","6474564","14261184","28875691","3221658","6667121","71921229","3970104","4967966","411301440","50404322","-","1140039","44352000","19699574","59746606","-"
"agosto 2013","-","-","302500","-","935970","-","1896294","2995900","892192","1796010","4065416","6474564","14464184","28875691","3221658","6667121","71912059","3970104","4967966","411301440","49849672","-","1140039","44352000","19699574","59746606","-"
"setembro 2013","-","-","302500","-","935970","-","1896294","2995910","892192","1793042","3806726","6104805","15179109","28875691","3221658","7060910","71912059","3970104","4967966","381566010","49185314","-","1140039","44352000","19681574","66930797","-"
"outubro 2013","-","-","302500","-","935970","-","1896294","2996620","892192","1783269","3806600","6104805","15179109","28875691","3221658","7060910","70925061","3968904","4967966","381566010","49185314","-","1130242","40950000","19681574","66930797","-"
"novembro 2013","-","-","302500","-","935970","-","1896294","2982553","756191","1698868","3806558","6104805","15163649","28875691","3087048","7060910","70925061","3968839","4967966","381566010","49185314","-","1130242","40950000","19681574","66930797","-"
"dezembro 2013","-","-","302500","-","935970","-","1841574","2968122","756191","1674733","3806558","6108654","15163649","28875691","3087048","6759779","71264164","3968839","4967966","404679977","49628704","-","1130242","40950000","19681574","69307411","-"
"janeiro 2014","-","-","293146","-","858629","-","2800000","2762090","916144","1696906","3806558","6666405","16058185","28406620","3389730","7096712","77968954","3970646","5056676","400000000","49226784","-","1120122","40950000","21491832","69307411","-"
"fevereiro 2014","-","-","293146","-","858629","-","2800000","2766976","916144","1701391","3806558","6666405","15307637","28406620","3389730","7096712","77369071","3970646","5115976","400000000","49226784","-","1118468","41496041","21491832","69307411","-"
"março 2014","-","-","293146","-","858629","-","2800000","2766893","915234","1691064","2934864","6666405","15307707","23656197","3389730","5954976","76741199","3877473","5115931","404679977","49226784","-","1120563","41496041","19152926","69307411","-"
"abril 2014","-","-","293146","-","858629","-","2800000","2766893","915234","1691064","2934864","6666405","15307707","23656197","3561808","5954976","72478919","3881153","5115631","404679977","49226784","-","1120563","45400443","19152926","69307411","-"
"maio 2014","-","-","293146","-","922834","-","1424923","2766893","915234","1691064","2936186","6767990","15307707","27216331","3561808","5954976","71386067","3881153","5112631","404679977","49226784","-","1098485","45400443","18937189","69307411","-"
"junho 2014","-","-","293146","-","922834","-","2804697","2766893","914253","1691064","2936186","6767990","15307707","27216331","3561808","6690194","71386067","3880923","5110181","404679977","50421577","-","1098485","45400443","18937189","68431516","-"
"julho 2014","-","-","303671","-","922884","-","2804697","2766893","914253","1700188","2936186","6767990","15307707","27216331","3037432","6690194","72271687","3880923","5110181","404679977","50421577","-","1098485","45445200","18937189","68486946","-"
"agosto 2014","-","-","303671","-","922884","-","2804697","2766893","913002","1630520","2911238","6756290","15316187","30850022","3037432","6690194","72264447","4076923","5110181","404679977","50549509","-","1086088","45382882","18937189","71243088","-"
"setembro 2014","-","-","303671","-","922884","-","2805297","2766893","913002","1570999","3905738","6756290","15314937","30850022","3037432","6690194","72073167","4076923","5110181","404679977","50044246","-","1081112","45382882","18937189","71823088","-"
"outubro 2014","-","-","303671","-","921704","-","2805297","2667375","913002","1416407","3899348","6756290","15313487","30850022","3037432","6650240","71268868","4075473","5110181","358257835","50044246","-","1056986","44250000","18937189","67409218","-"
"novembro 2014","-","-","303671","-","921704","-","2805297","2667375","903943","1413789","3899348","6756290","15337489","31003908","3037432","6650240","71270000","4075473","5110181","353211950","50044246","-","1056986","44250000","18937189","69115861","-"
"dezembro 2014","-","-","303671","-","921704","-","2805297","2665104","903943","1198015","3899348","6755620","15417362","31003908","3037432","6706024","71086808","4075723","4785681","353211950","49087309","-","1043386","43000000","18937189","69116761","-"
"janeiro 2015","-","-","303971","-","827460","-","2805297","2814124","899004","1200226","3806558","6772685","14964697","31003908","3036605","6129148","70030287","4088637","4338441","353211950","50768839","-","858023","44500000","17514321","60545357","-"
"fevereiro 2015","-","-","303971","-","827460","-","1386539","2878736","899004","1186501","3806558","6772685","15441532","31003908","3036605","6129148","70624472","3696982","4338911","343344668","50768839","-","850301","44500000","19071828","61755701","-"
"março 2015","-","-","303971","-","920940","-","1386539","2878736","921464","1185834","3741025","6772685","15490557","31003908","3036605","6129148","70574783","3696982","4078636","343344668","50768839","-","849300","44500000","20331630","61092476","-"
"abril 2015","-","-","303971","-","920044","-","1386539","2878736","921464","1111562","3739712","6772685","16148751","31003908","3036605","6129148","69020817","3693517","4078636","343344668","50768839","-","849300","50200000","20331630","62308104","-"
"maio 2015","-","-","303971","-","918746","-","1386539","2851718","888774","1090191","3737548","6813995","16075126","31003908","3036605","6129148","68827217","3693517","4070696","343344668","50768839","-","844802","50200000","20331380","62326654","-"
"junho 2015","-","-","303971","-","918746","-","1386539","2851718","888774","1089149","3736752","6813995","16062876","24803084","3277551","6129148","69003671","3565750","4068296","343344668","50531810","-","844802","51222400","20331380","67123306","-"
"julho 2015","-","-","303971","-","918178","-","1415047","2851718","888774","1082201","3736526","6813995","16062876","24803084","3277551","6129148","69341675","3565750","4024136","368173995","50531810","-","843160","51222400","20094782","67123306","-"
"agosto 2015","-","-","303971","-","918178","-","1415047","3162498","866766","1057326","3736146","6790295","16063516","27189576","3277551","6129148","69284429","3565750","4019336","368173995","51932792","-","843160","51222400","20094632","65769500","-"
"setembro 2015","-","-","303971","-","918178","-","1416516","3162498","866766","1043316","3736146","6790295","16063416","27189576","3332584","6129148","69278629","3567050","4019336","368173995","51254675","-","839760","51222400","20094632","68996515","-"
"outubro 2015","1","199027","303971","2808","918178","1","1416516","3146972","866766","1022919","3736146","6790295","16063416","27189576","3332584","6129148","69188412","3321204","4019021","365780415","51254675","1","834810","51222400","20094632","68996515","39814"
"novembro 2015","1","197528","303971","2808","918297","1","1418516","3143753","861393","996873","3724046","6802441","16063416","26783056","3332584","5838605","69386087","3321204","4018951","365780415","51254675","1","834810","51222400","20094632","69127015","39814"
"dezembro 2015","1","198195","303971","5151","918297","1","1418516","3124141","861393","906662","3724046","6802381","16066768","26783056","3220415","5838605","69000135","3320809","3990966","415891909","51254675","1","834500","51222400","20094632","69127015","39814"
"janeiro 2016","-","201034","303971","3976","922340","-","28269","3134108","899109","1000802","3806558","6920385","14963931","28498460","3220415","6075000","70068067","3220632","2590395","390000000","51033291","-","777669","51222400","19160561","63299155","38703"
"fevereiro 2016","-","201404","303971","3976","920922","-","28269","3134040","899109","976702","3806558","6920385","14963931","28498460","3220415","6075000","70059874","3207432","2582379","390000000","51033291","-","778824","51222400","19385422","64078117","38703"
"março 2016","-","204647","303971","3976","920922","-","1418516","3133160","895954","970123","3806558","6920385","14965218","28498460","3579650","6075000","69978471","3207432","2582379","390000000","51033291","-","775674","51222400","18821852","66229476","38703"
"abril 2016","-","204647","303971","3976","922910","-","1418516","3133160","895954","969463","3806558","6920385","14975278","28498460","3579650","6075000","69194858","2973524","2581359","390000000","51033291","-","775674","52220075","18824132","70581970","38703"
"maio 2016","-","204647","303971","3976","922910","-","2970794","3131417","883164","967640","3573992","6891932","14975278","28498460","3579650","6075000","69421789","2966324","2581359","390000000","51033291","-","769071","52220075","19176542","69729070","38703"
"junho 2016","-","205542","303971","3976","921860","-","2970794","3131417","883164","951704","3573992","6891932","14975278","24501572","3579650","6075000","69399529","3055683","2501159","390000000","50825023","-","769071","52220075","19176542","69729070","38703"
"julho 2016","-","205542","303971","3976","921650","-","2970794","3039403","883164","945415","3573300","6891932","14975278","23683643","3149582","6075000","69436389","3055683","2450559","400788570","50825023","-","767181","52220075","19203564","70433372","38703"
"agosto 2016","-","204843","303971","3976","921650","-","2970794","3039403","883164","843408","3572624","6928984","14975278","21628299","3196202","6075000","69628074","2846458","2447899","400788570","52378380","-","767181","52220075","19203564","70651882","38703"
"setembro 2016","-","186079","303971","3976","921864","-","2970794","2993209","876413","842989","3579549","6928984","14975278","21628299","3196202","5625000","69667279","2846458","2447899","400790775","49859987","-","767181","52220075","19203564","70651882","38703"
"outubro 2016","159383","185799","303971","3976","921744","4480","2970794","2993209","876413","821610","3579549","6928984","14785663","21628299","3196202","5625000","69818789","2845580","2447899","400790775","49859987","384625","766576","52220075","19203464","70150458","38703"
"novembro 2016","159383","165465","303971","3976","921744","4480","2970107","2993209","867852","792775","3576381","6928984","14785663","21727027","3140257","5625000","69807060","2845580","2447899","400790775","49859987","384625","766576","52220075","19203464","70493478","38703"
"dezembro 2016","159383","117436","303971","3976","917802","4480","2974039","2520500","726743","716327","3576341","6908885","13044509","19079722","3163751","5475000","69934887","2845580","2443219","400790775","49740741","375565","761076","52220075","19203464","70493478","27760"
"janeiro 2017","1","102972","254352","3976","867513","1","1402033","2486297","836048","774449","3806558","6626495","14951411","21563125","3163751","5355000","71633923","2679331","2407896","392128800","51024276","375565","730421","52220075","19548723","64870764","39549"
"fevereiro 2017","159383","102972","254352","3976","867753","4480","2880433","2485208","836048","774449","3806558","6626495","14997575","21563125","3163751","5355000","71791839","2497586","2413896","392128800","51024276","375565","729611","52220075","19548723","64920414","39549"
"março 2017","159383","86543","254352","3976","871823","4480","2880433","2484395","833868","773809","3806558","6626495","14997575","21563125","3163751","3575000","73228709","2497586","2474806","392128800","51024276","375565","737058","52220075","19209904","63447657","39549"
"abril 2017","159383","86917","254352","3976","871823","4480","2880433","2484395","833868","772923","3806558","6626495","15107209","21563125","3163751","3575000","72534205","2277541","2474806","382176000","51024276","375565","737058","51927246","19209904","63440144","39549"
"maio 2017","159383","86917","254352","3976","866996","4480","2634902","2484394","833868","770569","3756672","6585817","15064273","18897083","3163751","3638000","72168186","1924777","2474806","382176000","50160698","375565","739591","51927246","19209904","63867849","39549"
"junho 2017","327824","86917","254352","3976","866996","4480","2635036","2484211","833868","768885","3756672","6585817","15068923","18897083","3163751","3785000","70922581","1921846","2474806","382176000","50160698","375565","739591","51927246","19209904","63867705","39549"
"julho 2017","327824","87251","254352","3976","859683","4480","2970700","2482877","833868","778240","3756672","6585817","15068923","16241267","3163751","3785000","70922581","2174415","2474806","387435400","48739100","375565","735871","51927246","19221904","70800885","39549"
"agosto 2017","327824","25312","254352","3976","859683","4480","2970726","2482877","835988","777690","3818563","6590967","15068923","16312704","3163751","3785000","70914991","2175415","2474806","387435400","48886140","375565","735871","51927246","19221904","74024624","39549"
"setembro 2017","327824","25312","254352","3976","859683","4480","2970726","2482877","835988","779094","3723663","6590967","15063542","16613320","3163751","3785000","70927251","2175415","2430556","395000000","46072067","375565","735871","51927246","19221904","72974624","39549"
"outubro 2017","327824","25312","254352","3976","859683","4480","2970726","2482877","835988","781089","3723143","6590967","15063542","16613320","2182324","3231000","70930673","2174345","2430556","395000000","46072067","375565","735871","50718650","19223704","72952104","39549"
"novembro 2017","327824","23348","254352","3976","859683","4480","2970726","2482877","829102","784174","3723101","6590967","15063542","14968691","2182324","3231000","70965123","2174345","2327056","395000000","46072067","375565","735871","50718650","19223704","72952104","31125"
"dezembro 2017","327824","21950","254352","3976","859683","4480","2970793","2482877","829102","689418","3723101","5197152","15063542","14968691","2182324","3231000","70965123","2174595","2327056","370000000","45499640","375565","730192","50718650","19223704","72954018","31125"
"janeiro 2018","327824","30630","263854","3976","936228","4480","331742","2663141","910379","709753","3806558","6626495","14964202","13069440","2552473","6075000","69771431","2177375","2562256","351499969","46760526","375564","712890","49000000","19720193","75228914","39549"
"fevereiro 2018","327824","30630","263854","3976","936068","4480","3218142","2662841","910379","709753","3806558","6626495","15040073","13069440","2552473","5180000","69771431","2177375","2444803","351499969","46760526","375564","712890","49000000","19720193","74843914","39549"
"março 2018","327824","28000","263854","3976","936068","4480","3218142","2662841","855008","699714","3285472","6626495","14141589","14356810","2552473","5180000","69771431","2478176","2455660","351499969","46760526","375564","712890","50400000","20751896","75075914","39549"
"abril 2018","73950","28000","263854","3976","936068","4480","3121925","2662841","855008","676461","3286672","6626495","14141589","14673610","2552473","4680000","69771431","2478176","2454900","381699890","46760526","313015","700352","49580000","20751896","75136014","17425"
"maio 2018","73950","28000","263854","3976","936068","4480","3068739","2662841","847708","677120","3300716","5486369","14141589","14673610","2552473","4680000","69771431","2478176","2455660","381699890","46760526","313015","700352","49580000","20751896","75136014","17425"
"junho 2018","73950","28000","263854","3976","936043","4480","3068739","2662841","847708","677120","3300716","5486369","14141589","14673610","2552473","4680000","69771431","2487826","2455660","370965540","45396660","313015","700352","49580000","20751896","75595139","17425"
"julho 2018","15070","28000","263854","3976","936083","4480","2860974","2662989","847708","676748","3854801","5486369","14141589","14745155","2048765","4680000","69771431","2487826","2455660","370965540","44684270","313015","700352","49580000","20361828","75927107","17425"
"agosto 2018","15070","65485","263854","3976","928145","4480","2861092","2526808","839815","675726","3854801","5466737","10392673","14745155","2048765","4680000","69771431","2472334","2444860","370965540","44684270","313015","686658","49580000","20361828","76082607","17425"
"setembro 2018","15070","11160","263854","3976","925747","4480","2861092","2532158","839815","675731","3855065","5466737","10392673","15214785","2048765","4680000","69771431","2472334","2444254","358438815","42783122","313015","686408","49580000","20433828","76125753","17425"
"outubro 2018","15070","11160","263854","3976","925747","4480","2861092","2532158","839815","677175","3855065","5466737","10957608","15520590","2048765","4680000","69216212","2472334","2441353","358438815","42938486","313015","682935","49580000","20433828","75667242","17425"
"novembro 2018","15070","11558","263854","3976","927127","4480","2861092","2532158","839544","664192","3855065","5535979","10957608","17238820","2048765","4680000","69952501","2472334","2441353","358438815","42938486","313015","682935","49580000","20433828","75667242","17425"
"dezembro 2018","15070","11558","263854","3976","927127","4480","3102774","2427096","839544","571398","3855065","5535979","11957196","17238820","2048765","4680000","70797241","2474190","2441353","358438815","42068520","313015","683385","49580000","20433828","73448244","17425"
"janeiro 2019","15070","94714","274059","3976","918888","4480","2862743","2474951","982643","567594","3827606","5525609","11722753","17185797","2301099","5580000","67499076","2427674","2447505","350000000","42068520","313015","622694","49580000","22338514","74409457","17506"
"fevereiro 2019","15070","94714","274059","3976","918897","4480","2862743","2458628","982643","571191","3827606","5525609","12246430","17185797","2301099","5580000","67499076","2492012","2412717","350000000","42068520","313015","622902","49580000","22338514","72930465","17506"
"março 2019","15070","94714","274059","3976","918897","4480","2862743","2744184","983031","563752","3838333","5525609","12246430","17300000","2301099","5580000","67499076","2492012","2413441","357000000","42068520","313015","623760","49580000","23133263","76586126","17506"
"abril 2019","93646","94714","274059","3976","918897","4480","2862743","2809398","983031","566010","3838892","5511672","12072937","17300000","2301099","5580000","77623727","2480369","2413853","357000000","42068520","313015","623760","51137414","23133263","76580155","17506"
"maio 2019","93646","94714","274059","3976","918897","4480","2862743","2809588","994064","556873","3838722","5511672","11964942","17300000","2301099","4690000","77256149","2480369","2409053","357000000","40875119","313015","622960","51137414","23141364","76762105","17506"
"junho 2019","93646","94714","274059","3976","918661","4480","2862743","2809588","994064","558188","3824408","5511672","12078893","17300000","2301099","4690000","73603267","2480369","2409053","339587220","40661583","313015","622960","51137414","23141364","76749281","17506"
"julho 2019","93646","94714","274059","3976","918661","4480","3110189","2808048","994064","559501","3824408","5511672","12187175","16515301","2029511","4690000","74078703","2480369","2409053","339587220","40583213","195998","627186","51137414","23499137","76810239","17506"
"agosto 2019","93646","94714","274059","3976","1061021","4480","3110175","2808048","994098","569602","3821876","5579812","12262212","16044053","2029511","4690000","74246687","2480369","2409053","339587220","40437287","195998","627186","51137414","23499137","76816644","17506"
"setembro 2019","93646","94714","274059","3976","1061021","4480","3110175","2808065","994098","581845","3821876","5579812","12262212","16526590","1829437","4206000","73490935","2480369","2405983","341819940","40235077","195998","629236","51137414","23438807","76834144","17506"
"outubro 2019","58506","94714","274059","3976","1061021","4480","3110175","2808065","994098","581805","3822006","5579812","12262212","16526590","1829437","4206000","74527255","2479957","2405983","341819940","40016000","194725","627543","51137414","23438807","76834144","17506"
"novembro 2019","58506","94714","274059","3976","1060981","4480","3110175","2896200","992980","582130","3894118","5156501","12298026","17817717","1829437","4206000","74409485","2479957","2475812","341819940","40016000","194725","627543","51286785","23324502","75594221","17506"
"dezembro 2019","58506","94714","274059","3976","1062361","4480","3110175","2924480","992980","579300","3894118","5156501","12271379","17817717","1829437","4206000","74322036","2479857","2476443","341819940","40078000","194725","627893","52245075","23324502","75666315","17506"
"janeiro 2020","58506","83860","283676","3976","1036419","-","3045992","2921048","1003084","502528","3840007","5151327","12271451","18011000","2066705","4042000","77788926","2305932","2383081","341799964","41779986","195998","619536","51103396","23574277","73948300","17375"
"fevereiro 2020","58506","83860","283676","3976","1062594","-","3045832","2921048","1003084","502528","3840007","5151327","12271451","18011000","2066705","4042000","77788926","2306932","2383081","341799964","41779986","195998","619536","51623972","23574277","77855505","17375"
"março 2020","58506","83860","283676","3976","1064694","-","3045832","2920431","1003204","478655","3840007","5151327","12317075","18011000","2066705","4042000","77788926","2308357","2339498","341799964","41486488","195998","604469","51623972","23505582","76727337","17375"
"abril 2020","65435","11860","283676","3976","1064694","-","3045832","2920431","1003204","479114","3840007","5151327","12317075","18396887","2066705","4042000","76134852","2308357","2446556","341799964","40568700","195998","604469","51623972","23505582","76727337","17375"
"maio 2020","65435","11860","283676","3976","1064694","-","3045832","2920431","1003204","504122","3899794","5645457","12320765","19050000","2066705","5150000","76168225","2308357","2446384","341799964","40943300","195998","554627","51624332","23505582","76811615","17375"
"junho 2020","65435","11928","283676","3976","1064694","-","3045832","2920913","1003204","556154","3899794","5645457","12433759","19050000","2066705","5150000","76190634","2308357","2447357","353910974","40590200","195998","554627","51624332","23505582","76852700","17375"
"julho 2020","65435","11928","283676","3976","1065294","-","3045832","2923749","1001382","556169","3899794","5645457","12541459","19050000","2066705","5150000","76190634","2308357","2447337","353910974","40554700","191488","539366","51624332","21574864","76852700","17375"
"agosto 2020","65435","11928","283676","3976","1065294","-","3045832","2895181","1001382","559731","3899794","5723847","12541591","17550000","2066705","5150000","76230184","2308357","2447337","353910974","40439500","191488","539366","61623972","21574864","76852700","17375"
"setembro 2020","65435","11888","283676","3976","1065294","-","3045832","2890105","1001382","560247","3899794","5723847","12541591","17550000","2066705","5150000","76265196","2308357","2447337","352332225","40294300","191488","540636","61623972","21542342","76852700","17375"
"outubro 2020","65578","11888","283676","3976","1065294","-","3045832","2890101","1001382","560924","3899794","5723847","13574995","17550000","2066705","5150000","76278174","2308357","2447369","352332225","39806300","191488","538023","61623972","21542342","76852700","17375"
"novembro 2020","65578","11888","283676","3976","1060687","-","3045832","2890106","1002464","563784","3899896","5737572","13520003","17550000","2066705","5150000","76278174","2308357","2447369","352332225","39451400","191488","538023","61623972","21542432","76853699","17375"
"dezembro 2020","65578","11888","283676","3976","1060687","-","3047647","2877606","1002464","588084","5749885","5737572","13803259","15241840","2066705","5150000","78383624","2578975","2447369","352332225","38489600","191488","537923","47850852","21542432","76853699","17375"
"janeiro 2021","65578","12450","234500","3976","1062154","-","3044809","2869586","932964","494058","4437419","5273752","12525436","16214784","2046929","5350000","76211642","2274713","2347077","352332225","39000300","191488","597956","47217429","18349798","73898288","17331"
"fevereiro 2021","65578","12450","234500","3976","1062154","-","3044809","2869586","932964","494058","4437419","5273752","12525436","16214784","2046929","5450000","76211642","2512100","2347077","352332225","39000300","191488","597444","47217429","18349798","73999879","17331"
"março 2021","65578","12450","234500","3976","1057697","-","3044809","2869586","932964","481969","3890330","5273752","13521704","16214784","2046929","5450000","76211642","2512100","2291884","352332225","38337400","191488","591602","47852037","19349521","73959065","17331"
"abril 2021","65578","12450","234500","3976","1057697","-","3044809","2869586","935677","568318","4079980","5273752","13553159","18481358","2046929","5450000","76211642","2513600","2208805","338238936","35916200","191488","591602","47852037","19349521","73959065","17331"
"maio 2021","65578","12450","234500","3976","1057697","-","3044809","2869556","935677","568407","4080112","5364248","13243179","18481358","2046929","5450000","77950780","2513228","2209750","338238936","36362000","191488","590130","47852037","19349521","73959065","17331"
"junho 2021","22846","12450","234500","3976","1057697","-","3044809","2868570","935677","568407","4063112","5364248","13243179","18481358","2046929","5450000","78076780","2513228","2209517","338238936","36393500","191488","590130","47898016","19349521","72607915","17331"
"julho 2021","22846","12450","234500","3976","1057797","-","3044809","2868501","935677","567418","4063112","5435983","13742367","18481358","2046929","5450000","78076780","2513228","2209496","338238936","36426600","191488","590111","47898016","19349521","72607915","17331"
"agosto 2021","22658","12435","234500","3976","1057797","-","3044809","2825625","1110362","566943","4063112","5435983","14390610","17244064","2046929","5450000","76773590","2513228","2209494","338238936","35225100","191488","590111","47845675","19349521","72598265","17331"
"setembro 2021","22608","12435","234500","3976","1057797","-","3044809","2759927","1110362","565702","4063112","5435983","14360648","17990900","2046929","5525000","76567270","2513228","2209494","313636050","34633800","191488","590307","47845675","19349547","72710999","17331"
"outubro 2021","22608","12435","234500","3976","1057537","-","3044809","2759928","1110362","566222","4057081","5435983","14505219","17990900","2046929","5525000","74245844","2513228","2209279","313636050","34633800","191488","590482","47845675","19349547","72710999","17331"
"novembro 2021","24000","12435","234500","3976","1057537","-","3044809","2759940","1110157","575103","4058263","5539533","14505219","17990900","2046929","5525000","69915645","2513228","2205189","313636050","34599900","197690","590482","47287616","19349547","72613899","17331"
"dezembro 2021","22208","12439","234500","3976","1057537","-","3044809","2759891","1110157","574908","4058263","5539533","14522953","17990900","1721249","5525000","69915645","2513228","2207278","301810635","34599900","197690","590452","47287616","19349547","72613899","17331"
"janeiro 2022","25561","12346","267297","3976","1234802","-","3042515","2888720","1071328","481897","4018264","5378232","13962539","17555689","2016806","5600000","77764404","3786739","2284908","413517531","35759000","191488","576720","49343035","19283641","75065593","17377"
"fevereiro 2022","25561","12346","267297","3976","1234802","-","3113188","2888720","1071328","481900","4018264","5378232","13962539","17555689","2016806","5600000","77764404","3786739","2271418","413517531","35210700","191488","543601","49343035","19283641","75065593","17377"
"março 2022","24087","12346","267297","3976","1234742","-","3113188","2888981","1071328","481870","3875413","5378232","14375414","17555689","2016806","5600000","80102615","3110134","2261669","413517531","34368209","175365","450539","47261275","17093556","75065593","17377"
"abril 2022","24146","12346","267297","3976","1234742","-","3113188","2888981","1071130","481865","3285090","5565512","14375414","16948232","2016806","5600000","80102615","3110134","2261297","408956352","33829700","175365","450539","47261275","17093556","75065593","17377"
"maio 2022","24146","12346","267297","3976","1234742","-","3113188","2888981","1071130","481649","3344506","5565512","14375414","16948232","2016806","5600000","80096265","3110134","2261166","408956352","34348700","175365","417661","47261275","17344479","75065593","17377"
"junho 2022","23621","12346","267297","3976","1234702","-","3113188","2888981","1071130","482660","3342610","5565512","14375414","16948232","2016806","5600000","80095895","3110134","2261108","408956352","34286900","175365","417661","47260603","17344479","75257456","17377"
"julho 2022","23391","12346","267297","3976","1234702","-","3046660","2888981","1064908","482261","3342513","5786692","14375414","16948232","2016806","5600000","75621692","3110134","2261108","316445950","34454500","175365","413041","47260603","17344479","75257456","17377"
"agosto 2022","20374","12346","267297","3976","1234702","-","3046660","2889136","1064908","578219","3561484","5786692","14375414","18307033","2016806","5600000","74568447","3110134","2261628","316445950","34578800","175365","413041","47260603","17344479","75187956","17377"
"setembro 2022","20594","12346","267297","3976","1234702","-","3046660","2889143","1064908","578203","3561484","5786692","14375414","18307033","2016806","5600000","73312381","3109754","2261680","297577108","33674758","175365","412980","47260603","17344479","75187956","17377"
"outubro 2022","20594","12346","267297","3976","1234702","-","3046660","2889143","1064908","576107","3697108","5786692","14375414","18307033","2016806","5600000","73312381","3109754","2261695","297577108","33466200","175365","410152","40758854","17344479","75187956","17377"
"novembro 2022","20594","12346","267297","3976","1234702","-","3046660","2826387","1063691","512147","2932760","5921078","14375414","18307033","2016806","5600000","73312381","3109844","2340809","322812000","33466200","187697","410152","40758854","17344479","75187956","17377"
"dezembro 2022","20594","12026","267297","3976","1234702","-","3055000","2826387","1063691","522377","2932760","5921078","14375414","16870542","2016806","5600000","73312381","3108481","2348062","322812000","33466200","187697","413263","40758854","17344479","75187956","17377"
"janeiro 2023","19179","12287","272043","3976","1240755","-","3287309","3102084","1069539","454535","4863969","5460018","13994960","16903751","2064468","5469690","75403863","3148758","2384240","322812000","36227868","187839","525651","44763594","18064803","74249381","17392"
"fevereiro 2023","19179","12287","272043","3976","1240755","-","3287309","3102084","1069506","455684","4863969","5460018","13994960","16903751","2064468","5469690","75403863","3148758","2384240","322812000","34280749","187839","512281","44763594","18064803","74246116","17392"
"março 2023","18923","12287","272043","3976","1240755","-","3287309","3102541","1069506","455684","4863969","5460018","13994960","16903751","2064468","5469690","75403863","3093292","2384240","322812000","32898100","187839","484697","44763594","17887868","74246116","17392"
"abril 2023","18833","12287","272043","3976","1240755","-","3287309","3102541","1069689","455938","4863969","5666545","13994960","16903751","2064468","5469690","75403863","3093292","2381037","357000000","32680500","187839","484697","44763594","17887868","74177291","17392"
"maio 2023","22500","12287","272043","3976","1240755","-","3287309","2893761","1069689","456260","3835094","5666545","13994960","18747990","2064468","5469690","75403863","3093292","2381037","357000000","32300600","187839","443418","44763642","17887868","74189891","17392"
"junho 2023","19139","12287","272043","3976","1240561","-","3225214","2894079","1069689","489102","3835094","5666545","13994960","18747990","2064468","5469690","76749447","3093148","2380655","357000000","32300600","187839","443418","42911632","17887868","74189891","17392"
"julho 2023","19139","12287","272043","3976","1240561","-","3225214","2894371","1068978","554743","4737657","5666545","13994960","18747990","2064468","5469690","76692811","3093148","2380633","357000000","33737200","187839","426083","42911632","17888613","74189891","17392"
"agosto 2023","19139","12087","272043","3365","1240561","-","2980214","2908449","1068978","549491","4737657","5680907","13994960","18747990","1952185","5469690","82329143","3093148","2376628","357000000","34307000","197481","426083","41766134","17888613","80508807","17392"
"setembro 2023","18712","12087","272043","3365","1240561","-","2980214","2908164","1068978","551670","4888408","5680907","13994960","18747990","1952538","5469690","82456211","3093148","2363388","378000000","34653200","197481","427387","41766134","17565228","80095741","17392"
"outubro 2023","18712","12087","65932","3365","1240561","-","2980214","2908127","1068978","556638","4468158","5680907","13994960","18747990","1952538","5469690","82542371","3093148","2363445","378000000","34645000","197481","433527","48260786","17565228","81435592","17392"
"novembro 2023","18712","12087","65932","3365","1240561","-","2980214","2743828","1183019","558305","4462977","6138306","15809385","18788475","1952538","5469690","82542371","3093183","2363445","378000000","34779600","203288","433527","48260786","17565228","81445372","17392"
"dezembro 2023","18080","11919","65932","3365","1240541","-","2980214","2743828","1183019","556509","3699247","6138306","16333058","18788475","1952538","5469690","82542371","3094072","2370656","378000000","34672200","203288","430837","51789876","17565228","81423059","17392"
"janeiro 2024","18518","11306","7060","2711","1243032","-","2433374","2704982","1199203","486194","4826931","5808852","14170482","18745722","1856707","5544090","80975511","3297097","2357763","378000000","34012700","194350","484504","51791018","18737638","81006970","17381"
"fevereiro 2024","-","11306","7060","2711","1243032","-","2433374","2704832","1199203","486163","4826931","5808852","14170482","18745722","1856707","5544090","80975511","3297097","2397455","378000000","33377900","194350","486856","51791018","18737638","80992905","17381"
"março 2024","21173","11306","32831","2711","1243032","-","2433374","2704832","1191233","486163","4826931","5808852","14170482","18745722","1856707","5544090","80975511","3314597","2391449","378000000","33380700","174342","481136","51790636","20083130","79479718","17381"
"abril 2024","21173","11306","29967","2711","1210345","-","2433374","2704832","1191233","485106","4826931","6237507","15224232","18541787","1856707","5544090","80975511","3314597","2392259","378000000","34003900","174342","481136","51790636","20083130","79139505","17381"
"maio 2024","10301","11306","29967","2711","1210345","-","2433401","2709854","1192233","486274","4826931","6237507","15224266","18541787","1856707","5544090","84131326","3314597","2392259","378000000","33071500","174342","477791","51836219","19497029","79182448","17381"
"junho 2024","14000","11306","29936","2711","1210345","-","2944591","2711690","1192233","516714","4781344","6237507","14921339","18541787","1856707","5544090","84131326","3336653","2410582","378000000","34522100","174342","477791","51836219","19497029","79182448","17381"
"julho 2024","13073","11306","30251","2711","1210345","-","2945216","2713540","1192233","519273","4781344","6275744","14921339","18542237","1921176","5542000","84131326","3336653","2412104","378000000","34907600","174342","471978","51836058","19496888","79182448","17381"
"agosto 2024","13073","11306","356335","3257","1210345","-","2945216","3251702","1192713","552627","4789394","6275744","15451456","18542237","1921176","5542000","84131326","3336653","2412064","378000000","35698500","168456","471978","51836058","19496888","79182448","17381"
"setembro 2024","14864","11306","356335","3257","1210345","-","2945159","3251881","1192713","554208","4797888","6275744","15451393","18542237","1921176","5542000","84131326","3336653","2411326","361653600","35827900","168456","472210","51836058","20697758","79182448","17381"
"outubro 2024","16172","11306","356150","3257","1210345","-","2945159","3225280","1192713","553312","4795246","6275744","15451393","18965000","1921176","5542000","84131326","3336653","2411373","361653600","35948900","168456","472043","51908030","20697758","81255015","17381"
"novembro 2024","15973","11306","356150","2125","1210102","-","2945159","2673413","1192713","556756","4795246","7129237","15435836","18965000","2053434","5542000","84131326","3336653","2411431","361653600","35798100","169826","472043","51908030","19713635","81255015","17381"
"dezembro 2024","16172","10198","258959","2125","1213434","4845","2945159","2673413","1171702","557898","4795246","7129237","16028077","18966867","2053434","5542000","83764720","3336653","2411431","365575303","35839700","169826","472693","52496052","19713635","79554265","17381"
"janeiro 2025","15073","10320","259246","2847","1242971","5100","2914840","2612559","1160132","483681","4713094","6875544","16028077","18618338","1863742","5488275","84995701","3151263","2354531","365575303","36810700","173318","480413","48588943","20748558","81700801","17378"
"fevereiro 2025","14415","10320","259246","2847","1242971","5250","2915629","2612559","1160132","483681","4713094","6875544","15947666","18618338","1863742","5488275","84995701","3151263","2332895","365575303","36811500","173318","479957","48588943","20748558","83354754","17378"
"março 2025","14793","10320","259246","2847","1242971","5250","2915629","2655814","1160073","483681","4389385","6875544","15987179","18618338","1863742","5488275","84995701","3151263","2332902","351809374","37158900","173318","471668","52496839","21399382","83177294","17378"
"abril 2025","14843","10320","260879","2847","1242971","5250","2915244","2655814","1159664","483998","4540194","7033483","15949828","16850000","1863742","5488275","84995701","3151263","2333097","351809374","36745100","173318","471668","52496839","21399382","83177294","17378"
"maio 2025","14231","10320","260879","2486","1242971","4982","2915244","2655814","1159664","484448","4540194","7033483","15069823","16031989","2230377","5488275","84995701","3151263","2333956","349552891","36490100","173318","469172","52496872","21397907","83394688","17378"
"junho 2025","14571","10320","262694","2486","1242971","4982","2914902","2655814","1159664","484811","3839544","7033483","15065791","16031989","2230377","5488275","84995701","3365452","2332770","349552891","36349200","173318","469172","52496872","21397907","83394688","17378"
"julho 2025","14571","10320","262376","2486","1242971","4982","2914492","2655920","1159463","483298","3839544","7115958","15065791","16031989","2224674","5488275","84777067","3365452","2329246","349552891","36990700","175751","468053","52496981","21500903","84893673","17378"
"agosto 2025","14571","10320","177596","2486","1202845","4982","2914492","2655920","1159463","485168","3839544","7115958","15123749","16031989","2224674","5488275","84777067","3365452","2328934","349552891","36831400","175751","468053","52496981","21500903","85524271","17378"
"setembro 2025","14571","10119","177596","2304","1202820","4982","2914492","2655929","1159463","483973","4632528","7115958","15115838","16031364","1871553","6241000","84777067","3357831","2328405","349552891","36691800","175751","468033","52496981","20508039","85524271","17378"
"outubro 2025","14571","10256","177596","2221","1202820","4982","2914492","2564462","1159463","485673","4895125","7115958","14591575","16031364","1871553","6241000","84777067","3357831","2329791","354792795","36198100","175751","467933","52496961","20508039","85524271","17378"
"novembro 2025","13904","10181","177959","2221","1201851","4982","2914492","2583724","1158092","565507","5119158","7356918","13366417","16032393","2196263","6241000","82284342","3357831","2329964","354792795","36108000","183001","467933","52496961","20508039","85524271","17378"
"dezembro 2025","13904","10181","181559","2221","1200956","5204","2911070","2583724","1158092","565601","5118718","7356918","13763474","16032393","2196263","6241000","82134329","3357724","2327493","359100000","36079700","183001","468338","55264060","20508039","84170412","17378"
"janeiro 2026","13440","10289","178453","1893","1187484","5140","2927673","2616515","1168673","499667","3674481","7192206","15040697","16268148","2210539","5499528","86735424","3312612","2301073","352078440","39303000","171029","449747","50723289","21412890","91961481","17379"
"fevereiro 2026","13907","10289","178453","1803","1187484","5140","2927673","2591643","1168673","499667","3674481","7192206","15040697","15835760","2210539","5499528","86735424","3312612","2300513","352078440","39303100","171029","449608","50723289","21412890","85837905","17379"
"março 2026","14300","10289","178453","1803","1187484","5129","2927074","2574726","1167677","499667","3728102","7192206","14601134","15835760","2210539","5499528","86735424","3310966","2281430","352078440","39617200","171029","447465","55263991","21847612","86630014","17379"
"Fonte: IBGE - Levantamento Sistemático da Produção Agrícola"

"Notas"
"1 - Para as Unidades da Federação que, por força do calendário agrícola, ainda não dispõem das estimativas iniciais, os dados correspondem a uma projeção obtida a partir das informações de anos anteriores;"
"2 - As produções de abacaxi e de coco-da-baía são expressas em mil frutos e os seus rendimentos médios em frutos/ha."
"3 - Utilizou-se a padronização de 61% para a conversão da produção do algodão em caroço para caroço de algodão, apenas para a totalização da produção dos cereais, leguminosas e oleaginosas."
"4 - Possíveis diferenças entre somas de parcelas e respectivos totais são provenientes do critério de arredondamento."
"5 - As informações mensais que compõem a série histórica estão disponível a partir de setembro de 2006."
"6 - A partir de janeiro de 2018 foram retirados da divulgação os seguintes produtos: abacaxi, alho, cebola, coco-da-baía, guaraná, maçã, malva, pimenta-do-reino, sisal/agave. Os mesmos continuam sendo acompanhados na pesquisa anual da Produção Agrícola Municipal."
""
"Legenda"
"Símbolo","Significado"
"-","Zero absoluto, não resultante de um cálculo ou arredondamento.
Ex: Em determinado município não existem pessoas de 14 anos de idade sem instrução."
"0","Zero resultante de um cálculo ou arredondamento.
Ex: A inflação do feijão em determinada Região Metropolitana foi 0.
Determinado município produziu 400 kg de sementes de girassol e os dados da tabela são expressos em toneladas."
"X","Valor inibido para não identificar o informante.
Ex: Determinado município só possui uma empresa produtora de cimento, logo o valor de sua produção deve ser inibido."
"..","Valor não se aplica.
Ex: Não se pode obter o total da produção agrícola em determinado município quando os produtos agrícolas são contabilizados com unidades de medida distintas."
"...","Valor não disponível.
Ex: A produção de feijão em determinado município não foi pesquisada ou determinado município não existia no ano da pesquisa."
"A a Z
(exceto X)","Significa uma faixa de valores. Varia em função da tabela (se for o caso).
Ex: O nível de precisão da produção estimada de combustíveis está na faixa A (95 a 100%)"
